"使用说明","","","","","","","","",""
"提示管理系统 - 使用指南","","","","","","","","",""
"","","","","","","","","",""
"工作表说明:","","","","","","","","",""
"1. 使用说明: 本工作表包含数据录入指南和列定义说明","","","","","","","","",""
"2. 提示管理: 主数据表，用于记录所有技术提示和业务提示","","","","","","","","",""
"","","","","","","","","",""
"列定义说明:","","","","","","","","",""
"列名","数据类型","必填","说明","示例","","","","",""
"Prompt ID","文本","是","唯一标识符，格式: P-YYYYMMDD-001","P-20260116-001","","","","",""
"Prompt Type","下拉列表","是","提示类型: technical(技术)/business(业务)","technical","","","","",""
"Prompt Content","长文本","是","详细的提示内容文本","优化数据库查询性能，减少响应时间","","","","",""
"Application Scenario","文本","是","提示使用的具体场景","数据库性能优化项目","","","","",""
"Creator","文本","是","创建者姓名或角色","张三/数据库管理员","","","","",""
"Creation Date","日期","是","创建日期","2026-01-16","","","","",""
"Last Modified Date","日期","否","最后修改日期","2026-01-20","","","","",""
"Status","下拉列表","是","状态: draft/reviewed/approved/retired","approved","","","","",""
"Remarks","文本","否","备注信息","已在实际项目中验证有效","","","","",""
"","","","","","","","","",""
"数据录入指南:","","","","","","","","",""
"1. 请按照列定义要求填写数据","","","","","","","","",""
"2. Prompt ID 必须唯一，建议使用自动编号","","","","","","","","",""
"3. 日期格式请使用 YYYY-MM-DD","","","","","","","","",""
"4. 状态变更时请及时更新 Last Modified Date","","","","","","","","",""
"","","","","","","","","",""
"Excel设置建议:","","","","","","","","",""
"1. 设置数据验证: Prompt Type 和 Status 列使用下拉列表","","","","","","","","",""
"2. 列宽设置: Prompt Content 和 Remarks 列设置较宽","","","","","","","","",""
"3. 冻结首行: 冻结标题行便于查看","","","","","","","","",""
"4. 条件格式: 根据状态设置不同颜色","","","","","","","","",""